Lat,Lon
35.04814,-106.63596
35.22077,-108.76136
35.08063,-106.37636
35.15406,-106.52413
35.08427,-106.62308
35.81,-105.99
35.077,-107.55714
35.08063,-106.37636
32.38288,-106.71531
35.03281,-106.67523
35.17809,-106.73344
35.0928,-106.62419
35.04834,-106.63601
36.1726,-107.33499
35.07429,-106.62787
35.08449,-106.65114
35.07174,-106.53308
36.68238,-108.48568
35.05867,-106.57625
35.05867,-106.57624
34.59636,-106.01631
35.06913,-106.57108
35.1059,-106.72232
35.11045,-106.61131
35.60512,-105.99539
34.59634,-106.01627
35.0518,-106.63625
36.76514,-108.07073
36.17664,-105.62133
35.11569,-106.59933
34.81925,-106.75643
35.09621,-106.63445
35.60514,-105.9954
35.11565,-106.59934
35.08294,-106.62405
35.69159,-105.94926
35.06368,-106.6437
35.04828,-106.63584
35.20384,-106.66398
35.07241,-106.62908
35.07634,-106.49847
35.1703,-106.52054
35.09457,-106.64076
35.29635,-106.65539
35.08584,-106.51126
35.11795,-106.6431
35.23234,-106.69291
35.68629,-105.93811
35.04978,-106.69337
35.07348,-106.63007
35.08316,-106.62153
35.17035,-106.52051
35.05238,-106.63635
35.06834,-106.57162
35.08012,-106.51393
35.08167,-106.61976
35.08449,-106.65114
35.68616,-105.93273
35.08637,-106.6233
35.04225,-106.70528
35.24194,-106.65408
35.04229,-106.70532
35.10591,-106.72222
35.08142,-106.577
35.08504,-106.61452
35.14678,-106.63926
35.11639,-106.7046
35.08494,-106.50948
34.80268,-106.72555
35.10518,-106.6043
35.0498,-106.69335
35.1358,-106.60886
35.07204,-106.64663
34.80268,-106.72555
35.21211,-106.68898
35.0816,-106.62629
35.68624,-105.93275
35.21212,-106.68898
35.07344,-106.62987
35.08687,-106.65309
35.11266,-106.53319
35.08449,-106.65114
35.11315,-106.51768
36.33071,-106.47315
35.11292,-106.51769
35.24231,-106.65413
35.08449,-106.65114
35.06828,-106.54641
35.2161,-106.67301
35.30745,-106.65803
35.11868,-106.51606
36.14069,-105.65959
35.11828,-106.70414
35.08494,-106.50948
35.06835,-106.57156
35.31852,-106.54446
35.09988,-106.5419
35.08253,-106.52764
35.11057,-106.61123
35.11867,-106.51605
35.09186,-106.65068
35.5893,-106.05083
35.14288,-106.69641
35.14446,-106.59024
35.12112,-106.70187
35.67893,-105.95365
35.19104,-106.60936
35.0832,-108.77192
35.11868,-106.51604
35.58931,-106.05073
35.11053,-106.61126
35.1318,-106.5822
35.15656,-106.56545
35.58919,-106.05073
35.08342,-106.62127
35.08312,-106.63092
35.0519,-106.63626
35.08506,-106.61715
35.07003,-106.57104
35.24204,-106.65404
35.17716,-106.55477
35.08271,-106.65059
35.17711,-106.5548
35.08345,-106.62125
35.68698,-105.9378
35.08505,-106.61714
35.39198,-106.63944
35.0612,-106.59175
35.09559,-106.71603
35.13626,-106.58429
35.09173,-106.65079
35.24197,-106.65439
35.58925,-106.05077
35.10518,-106.6043
35.13465,-106.58018
35.05585,-106.54741
35.311,-106.68501
35.11467,-106.55086
35.32088,-106.71876
35.20633,-106.69827
35.07632,-106.49857
35.04269,-106.70556
35.04236,-106.70523
35.21613,-106.67285
35.7444,-105.92074
35.15375,-106.56819
35.15375,-106.56819
35.15387,-106.56803
35.15387,-106.56803
35.04707,-106.72433
35.05244,-106.73739
35.05244,-106.73739
36.39369,-105.62591
35.05245,-106.73738
35.05246,-106.73737
35.05246,-106.73737
35.05867,-106.57624
35.06884,-106.66859
35.12315,-106.65846
35.06884,-106.66859
35.21373,-106.66595
35.06884,-106.66859
36.25739,-106.43057
35.14446,-106.59024
35.21369,-106.66617
35.11679,-106.58666
35.05867,-106.57625
35.0801,-106.73292
35.05867,-106.57624
35.1101,-106.5863
35.131,-106.58005
35.59655,-106.05194
35.06894,-106.66874
35.10791,-106.57423
34.72567,-106.67185
35.19835,-106.6569
32.37657,-106.72457
35.15656,-106.56548
35.05867,-106.57624
35.2226,-106.63537
35.06899,-106.56378
35.11688,-106.58647
35.52166,-108.78396
35.17489,-106.57306
35.06253,-106.54246
35.05867,-106.57625
35.11673,-106.60396
35.09514,-106.66264
35.1316,-106.64875
35.74165,-105.92284
35.08419,-106.65448
35.05867,-106.57624
32.88995,-105.97046
35.13461,-106.58018
35.05867,-106.57624
35.06823,-106.54648
35.13461,-106.58019
35.21368,-106.66602
35.13587,-106.60882
35.13587,-106.60882
35.13462,-106.58015
35.63747,-106.01637
35.2581,-106.59569
35.13462,-106.58015
35.13591,-106.60893
32.95795,-105.7424
35.05867,-106.57624
32.67119,-107.15429
35.2136,-106.66606
35.60509,-105.99537
35.13464,-106.58019
35.09903,-106.57056
35.06828,-106.54643
35.08468,-106.61383
35.15237,-106.52179
35.13324,-106.52708
35.05867,-106.57624
34.81631,-106.76416
35.06894,-106.66874
35.20893,-106.69389
35.06826,-106.54646
35.14072,-106.54824
35.10428,-106.5953
35.05867,-106.57625
35.06894,-106.66874
35.09403,-106.7297
35.12996,-106.6977
35.13718,-106.58331
35.25324,-106.73952
35.58925,-106.05079
35.13015,-106.5532
35.08449,-106.65114
35.58925,-106.05079
35.05299,-106.78163
35.22938,-106.65992
35.05867,-106.57624
35.58924,-106.0508
33.19988,-107.23761
35.68395,-105.94391
36.70891,-105.41014
35.08341,-106.62127
35.08343,-106.62123
35.34685,-106.50843
34.6368,-106.76438
35.06894,-106.66874
35.05867,-106.57624
35.17411,-106.67384
35.08342,-106.62126
35.06922,-106.57211
35.22592,-106.62551
35.13516,-106.58014
35.45418,-108.38201
35.04674,-106.61511
35.06902,-106.56456
36.30408,-107.76591
35.09508,-106.74685
35.04742,-106.61622
35.069,-106.56338
35.04512,-106.74162
35.30004,-106.55114
35.27621,-106.65333
35.08428,-106.71225
34.81674,-106.75135
35.15723,-106.64508
35.20278,-106.73165
35.10518,-106.6043
35.15647,-106.56552
35.08044,-106.61209
35.0843,-106.71229
35.17541,-106.56087
35.04732,-106.61512
35.06922,-106.56378
34.98982,-106.05824
35.22523,-106.62652
35.13718,-106.58331
35.15657,-106.56546
35.08505,-106.61711
35.20849,-106.71684
35.13718,-106.58331
35.09863,-106.27883
35.05805,-106.56118
36.07149,-106.9984
36.06897,-106.98803
35.18359,-106.71962
35.07537,-106.60969
35.13373,-106.59823
35.2552,-106.68186
35.60578,-105.99849
35.13589,-106.60881
35.1302,-106.53847
35.08589,-106.49863
35.05289,-106.78163
35.15651,-106.56549
35.13586,-106.60876
35.17707,-106.55495
34.84498,-106.71493
35.05867,-106.57625
35.13718,-106.58331
35.11073,-106.56583
35.13588,-106.60877
35.07137,-106.56988
35.10706,-106.65625
34.81711,-106.76356
36.30471,-106.05255
35.08161,-106.62242
35.08582,-106.64917
35.68698,-105.9378
35.08602,-106.6494
35.11178,-106.63333
35.68698,-105.9378
35.89866,-106.05192
35.08794,-106.64836
35.13718,-106.58331
35.19677,-106.74349
35.05294,-106.78159
35.05294,-106.78159
35.18735,-106.67594
35.05867,-106.57625
34.63677,-106.76437
35.10674,-106.60034
34.99759,-106.04424
35.13091,-106.57776
35.09171,-106.71555
35.19676,-106.74343
35.07725,-106.62197
35.10515,-106.73388
35.08135,-106.623
35.34555,-106.60313
35.10918,-106.65911
35.08116,-106.61656
35.10913,-106.65895
35.1333,-106.49889
35.14639,-106.5519
35.24205,-106.6541
35.68698,-105.9378
35.08449,-106.65114
35.053,-106.78165
35.68103,-105.92624
35.34555,-106.60313
35.89866,-106.05192
35.12655,-106.59246
35.05296,-106.78165
35.00215,-106.69618
35.68698,-105.9378
34.63965,-105.4066
35.15101,-106.52445
35.05867,-106.57625
35.10835,-106.62257
35.06529,-106.18741
35.57138,-105.69126
35.05867,-106.57625
35.6318,-105.97631
35.07792,-106.69396
35.20504,-106.66297
35.24078,-106.68298
35.06894,-106.66874
35.58301,-105.68011
35.08449,-106.65114
35.21608,-106.67287
35.1565,-106.56543
35.08774,-106.49794
35.13583,-106.6088
31.5035,-106.11625
35.89866,-106.05192
34.81022,-106.72627
34.81023,-106.72629
35.25041,-106.70902
35.07878,-106.59363
35.08449,-106.65114
35.08769,-106.64852
35.24221,-106.6541
35.06318,-106.60038
35.68519,-105.94647
35.5869,-106.01003
35.06427,-106.72933
35.08106,-106.61629
35.64622,-105.93601
35.05847,-106.57397
35.10334,-106.58583
35.68698,-105.9378
35.1047,-106.59352
35.08449,-106.65114
34.86656,-106.69108
35.06421,-106.72324
35.10507,-106.73393
34.79865,-106.61624
34.59717,-106.7768
35.10548,-106.58832
35.13374,-106.59816
35.05847,-106.57397
35.10541,-106.7303
35.1051,-106.73403
35.12556,-106.57658
36.20298,-106.04891
35.25037,-106.70903
35.24195,-106.68969
35.0825,-106.61806
35.25043,-106.70897
35.11621,-106.70868
35.0806,-106.6189
35.24195,-106.68971
35.22682,-106.66696
35.13014,-106.53427
35.6387,-105.95874
35.22683,-106.66679
35.24223,-106.68972
35.15653,-106.59708
35.08141,-106.62297
35.24205,-106.68983
35.06633,-106.67579
35.05579,-107.47649
35.12248,-106.70181
35.05084,-106.69583
35.05084,-106.69583
35.15655,-106.56547
35.68698,-105.9378
35.24213,-106.68986
35.20132,-106.72558
35.05131,-106.70289
35.0848,-106.61641
35.20131,-106.7256
35.24195,-106.68967
35.25041,-106.70894
35.20148,-106.72573
35.20148,-106.72573
35.05131,-106.70289
35.24229,-106.65419
35.05131,-106.70289
35.10211,-106.66655
35.24198,-106.65413
35.10518,-106.6043
34.97949,-106.71071
35.22693,-106.66682
35.05131,-106.70289
35.13323,-106.52703
34.97956,-106.71026
35.68698,-105.9378
35.11276,-106.63086
34.9797,-106.71067
35.2422,-106.68956
35.05131,-106.70289
35.2161,-106.67296
34.9797,-106.71067
35.20138,-106.72587
35.05131,-106.70289
35.24222,-106.68964
35.17222,-106.53361
35.10489,-106.62441
31.70791,-106.21851
35.31512,-106.72146
35.08627,-106.62313
35.08407,-106.62019
35.24201,-106.68962
35.21364,-106.66621
35.15655,-106.56545
35.07866,-106.59541
35.13696,-106.58926
36.68325,-108.47867
35.25038,-106.70903
32.05146,-106.44139
35.05131,-106.70289
35.66099,-105.98201
35.05131,-106.70289
36.6832,-108.47874
35.63859,-106.01318
35.08,-106.6048
35.63815,-106.01254
35.08626,-106.62311
35.07999,-106.60481
35.6336,-106.03337
35.05281,-106.78163
35.05297,-106.78172
36.72564,-108.39814
35.08701,-106.61851
35.09512,-106.74711
35.0909,-106.62525
32.05146,-106.44139
35.04746,-106.70616
31.87639,-106.33188
35.06435,-106.5643
35.04741,-106.7062
34.97956,-106.71076
35.14628,-106.53973
35.04741,-106.7062
32.17328,-106.67538
35.05867,-106.57624
35.04741,-106.7062
35.3431,-106.59386
35.08304,-106.57534
35.10286,-106.57284
35.04741,-106.7062
35.25769,-106.6925
32.24345,-107.32385
32.24344,-107.32347
32.24275,-107.28662
35.1107,-106.60999
32.24345,-107.32385
32.24387,-107.34491
34.98007,-106.71103
36.68218,-108.48732
35.2348,-106.618
35.143,-106.49278
32.24413,-107.3656
35.08386,-106.62421
35.04929,-106.63626
35.08136,-106.61585
35.13773,-106.64225
35.12861,-106.55003
35.20536,-106.65229
32.24209,-107.42252
35.04742,-106.70636
35.12446,-106.55497
32.24209,-107.42252
35.25198,-106.69598
35.08426,-106.62259
35.68698,-105.9378
35.12446,-106.55497
35.20535,-106.65226
35.66097,-105.98199
35.66395,-105.93479
35.07472,-106.67751
35.20452,-106.65248
35.09514,-106.747
35.12403,-106.52631
35.12714,-106.57701
35.04742,-106.70636
35.17733,-106.69172
34.59717,-106.7768
35.11719,-106.58398
35.20617,-106.65132
35.08701,-106.61851
35.13615,-106.52585
35.29681,-106.58531
35.68417,-105.94667
35.16587,-106.57963
35.08697,-106.61935
36.7605,-108.51119
35.0474,-106.70645
35.13617,-106.52598
35.08756,-106.62359
35.08708,-106.61839
35.11719,-106.58398
35.09662,-106.67724
35.08708,-106.61839
35.09662,-106.67724
35.08427,-106.61584
35.05867,-106.57625
35.0474,-106.70645
36.71006,-105.4096
34.97965,-106.7107
35.06358,-106.66178
35.06362,-106.66218
35.27465,-106.7256
35.27417,-106.72521
36.76048,-108.51118
35.0474,-106.70645
35.10609,-106.6903
35.6108,-106.3565
35.13622,-106.52583
35.14296,-106.49273
35.21001,-106.66853
35.52114,-105.24369
35.08603,-106.62304
35.57167,-105.69104
35.08453,-106.61552
35.11632,-106.51078
35.13181,-106.57877
35.13638,-106.52561
35.19389,-106.65862
35.24199,-106.65405
35.08384,-106.62419
35.05867,-106.57624
35.6108,-106.3565
35.30403,-106.56651
35.062,-106.62222
36.76051,-108.5111
35.10746,-106.5278
35.08449,-106.65114
35.2419,-106.65416
34.80802,-106.72441
35.12056,-106.70244
35.10609,-106.6903
36.7605,-108.51121
35.04695,-106.67762
35.09704,-106.5317
35.12272,-106.58817
35.12272,-106.58819
35.12272,-106.58819
35.24194,-106.65412
34.75839,-106.05585
35.13364,-106.59816
35.18323,-106.67102
35.23133,-106.68713
35.23147,-106.68711
35.21213,-106.68895
35.08562,-106.62187
35.18328,-106.67192
35.08038,-106.6143
35.15656,-106.56547
35.18328,-106.67192
35.18328,-106.67192
35.05867,-106.57624
35.12844,-106.53386
35.21214,-106.68896
35.1258,-106.51257
33.12896,-107.26965
35.28626,-106.66079
36.69615,-106.60555
35.18479,-106.7281
35.18328,-106.67192
35.19145,-106.69648
35.10291,-106.56737
35.18328,-106.67192
35.11719,-106.58398
35.28617,-106.66096
36.39384,-107.83287
33.41586,-105.43752
35.28623,-106.66096
35.21214,-106.68896
35.19451,-106.6548
35.08386,-106.62417
35.19397,-106.65333
35.19447,-106.65477
35.19143,-106.69641
35.05867,-106.57625
35.47794,-105.89897
35.14791,-106.68398
35.38087,-106.46657
35.12272,-106.58817
35.04733,-106.63803
35.21212,-106.68895
35.11612,-106.52724
35.19681,-106.74354
35.05867,-106.57625
35.21212,-106.68899
35.14405,-106.58399
35.2423,-106.65425
35.07756,-106.5862
35.09307,-106.63464
34.81427,-106.75827
35.05867,-106.57625
36.39383,-107.83286
35.12965,-106.51466
35.2028,-106.645
35.08449,-106.65114
35.60398,-106.73007
35.19681,-106.74353
35.14648,-106.5888
35.06358,-106.72563
34.81566,-106.75171
35.60303,-106.72959
35.08433,-106.62604
35.0839,-106.62424
35.12446,-106.55497
35.10548,-106.67928
35.13096,-106.57771
35.08146,-106.57729
35.26457,-106.66795
35.20468,-106.66257
35.13305,-106.69662
35.16129,-106.59168
35.20468,-106.66257
35.08139,-106.57749
35.11389,-106.70377
35.65662,-105.97565
35.20464,-106.66283
35.04707,-106.72537
32.9181,-105.97264
35.24196,-106.65414
36.72564,-108.39814
35.11503,-106.7017
36.72564,-108.39814
35.20155,-106.72569
35.06208,-106.62267
35.10755,-106.3728
35.07912,-106.62069
35.20466,-106.66276
35.13372,-106.59822
36.72569,-108.39817
35.20127,-106.65856
35.07899,-106.62176
35.20745,-106.6599
35.10187,-106.6476
35.11025,-106.65842
35.12946,-106.54929
35.12946,-106.54929
35.11182,-106.60802
35.12942,-106.5493
35.12945,-106.54928
35.14388,-106.58302
35.06205,-106.62264
35.14316,-106.49286
35.07558,-106.62201
36.16032,-107.46931
35.21012,-106.67914
35.25044,-106.709
35.20148,-106.72578
36.39382,-107.83286
35.12946,-106.5493
35.07547,-106.57699
35.20157,-106.72565
35.07558,-106.57694
35.12943,-106.54931
35.07485,-106.62176
35.13372,-106.5982
35.07572,-106.57686
34.85555,-106.69753
35.08449,-106.65114
35.08667,-106.61913
35.13177,-106.6082
35.09707,-106.53468
35.12958,-106.54923
35.13283,-106.53172
35.09929,-106.56544
35.07508,-106.58398
35.07528,-106.6098
35.19266,-106.72664
35.19672,-106.74354
35.13444,-106.6542
34.95864,-106.65878
35.11777,-106.61438
35.2028,-106.645
35.12947,-106.54928
35.20975,-106.6995
35.19672,-106.74354
35.11719,-106.58398
35.07087,-106.62247
34.82168,-106.75383
35.13411,-106.56019
35.14298,-106.49269
35.25031,-106.7091
35.12956,-106.54924
35.11719,-106.58398
35.14599,-106.69035
35.11166,-106.60812
35.0697,-106.62274
35.06884,-106.62226
35.05867,-106.57625
35.11719,-106.58398
35.12278,-106.60895
35.13784,-106.70245
35.05867,-106.57624
35.17765,-106.69244
35.2121,-106.68898
35.11719,-106.58398
35.2552,-106.68191
35.08613,-106.62309
35.18032,-106.5648
35.05867,-106.57625
35.05875,-106.62354
35.68698,-105.9378
35.18041,-106.56482
35.25378,-106.68056
35.21211,-106.68895
35.20846,-106.7063
35.11124,-106.60829
36.72564,-108.39814
35.11719,-106.58398
35.05885,-106.62377
35.08449,-106.65114
32.22921,-107.78307
35.66478,-105.96092
35.10531,-106.61344
34.82165,-106.75384
35.20159,-106.72374
35.71954,-105.94059
35.10609,-106.6903
35.07875,-106.73248
35.07468,-106.57792
35.07494,-106.57597
35.05867,-106.57625
35.08357,-106.73205
35.08587,-106.61812
35.08722,-106.61802
35.06867,-106.62212
35.08357,-106.73205
35.05867,-106.57624
35.15656,-106.5438
35.18057,-106.56484
35.15248,-106.52434
35.13737,-106.50794
35.13376,-106.59826
35.10473,-106.58487
35.06862,-106.62219
35.08757,-106.50561
35.08757,-106.50561
35.08757,-106.50561
32.95811,-105.74423
35.68798,-105.94104
35.17359,-106.54293
35.26384,-106.66886
32.95811,-105.74423
35.06206,-106.62264
35.05867,-106.57624
32.95811,-105.74423
35.65806,-105.97674
35.08788,-106.65389
32.95811,-105.74423
35.20253,-106.73162
35.06206,-106.62267
34.80497,-106.70237
35.08757,-106.50561
35.08757,-106.50561
35.08826,-106.65388
35.19389,-106.65862
35.0834,-106.65665
35.05867,-106.57625
35.07258,-106.58244
35.06189,-106.58453
35.07259,-106.58244
35.13585,-106.55884
35.06189,-106.58454
35.07259,-106.58243
35.65753,-105.97695
35.28621,-106.66094
35.0613,-106.59159
35.05867,-106.57624
35.08165,-106.61855
32.95811,-105.74423
35.24197,-106.65423
34.98084,-107.12664
35.19936,-106.73228
32.95811,-105.74423
34.98084,-107.12664
35.11155,-106.63292
35.0474,-106.67829
35.19958,-106.73255
35.64624,-105.93599
35.47782,-105.89894
35.0474,-106.67829
35.06207,-106.62266
34.98084,-107.12664
35.67361,-106.41944
35.5867,-106.00999
35.08589,-106.49863
35.06844,-106.62204
35.28614,-106.66096
35.10891,-106.60181
35.13375,-106.61185
35.62042,-106.13457
35.08844,-106.62479
36.79705,-108.41299
35.21209,-106.68894
32.22632,-107.75689
35.16873,-106.6669
35.20245,-106.73155
35.2121,-106.68897
35.21538,-106.66574
35.25958,-106.68972
35.08589,-106.49863
35.08559,-106.61983
33.81272,-105.82614
35.57167,-105.69104
35.08086,-106.62116
35.13495,-106.70885
35.13382,-106.61232
35.13493,-106.70898
35.17842,-106.57532
35.20653,-106.6985
35.13493,-106.70897
35.06692,-106.67829
35.09669,-106.65714
35.68698,-105.9378
35.36733,-106.64012
35.08874,-106.62485
35.08513,-106.61592
35.09586,-106.56254
35.11177,-106.63349
35.08783,-106.65352
35.1294,-106.5471
35.18647,-106.66662
35.08834,-106.65362
35.68698,-105.9378
35.08395,-106.56173
35.06067,-106.79642
35.19937,-106.73254
35.04882,-106.71555
35.18428,-106.58308
35.15539,-106.50904
35.68656,-105.93949
35.05867,-106.57625
35.06681,-106.67816
35.1583,-106.57633
35.08503,-106.61763
35.2423,-106.65425
35.10157,-106.56432
35.17237,-106.53958
35.08472,-106.50813
35.08503,-106.61761
35.06519,-106.54287
35.06694,-106.67819
32.2149,-106.70651
35.0695,-106.58053
35.20258,-106.73176
35.13072,-106.59002
35.16982,-106.52375
35.16095,-106.56779
35.13068,-106.56012
35.1513,-106.70409
35.08362,-106.64925
35.20252,-106.73183
35.14972,-106.5333
35.17145,-106.5849
35.15922,-106.70689
35.57167,-105.69104
35.20252,-106.73176
35.07472,-107.74408
35.19934,-106.73243
35.08866,-106.6249
35.25041,-106.70895
35.31889,-106.72753
35.08449,-106.65114
35.2419,-106.65404
35.24532,-106.63488
35.07212,-106.56095
35.15669,-106.56487
35.09961,-106.67071
36.33732,-106.17848
35.08847,-106.62474
35.20184,-106.72965
35.05867,-106.57624
36.33732,-106.17848
35.14979,-106.53322
35.06949,-106.58059
36.33732,-106.17848
35.04987,-106.73825
35.05867,-106.57624
35.13072,-106.59002
35.07522,-106.60978
35.03285,-106.67512
35.11719,-106.58398
36.33732,-106.17848
35.05979,-106.59111
35.20252,-106.7318
35.09875,-107.88206
35.03376,-107.36656
35.07602,-108.87475
35.09195,-106.6596
35.09282,-106.65958
32.21508,-106.70654
35.03376,-107.36656
35.50246,-108.72628
35.32563,-106.71215
35.03278,-106.67515
35.16377,-106.59085
35.05867,-106.57624
35.10419,-106.58726
35.17728,-106.69161
35.13288,-106.53165
35.50246,-108.72625
34.80109,-106.69563
32.18002,-107.68358
35.10434,-106.58669
35.20148,-106.72578
35.24477,-106.74114
35.14142,-106.70134
32.84685,-105.99044
35.20152,-106.72573
35.20167,-106.72547
35.14574,-106.58381
35.1719,-106.52011
35.12556,-106.57658
35.14587,-106.5839
32.18002,-107.68358
32.84685,-105.99044
35.06864,-106.52519
35.03274,-106.67519
35.07839,-106.59909
32.84685,-105.99044
35.69206,-105.94955
32.84685,-105.99044
35.20256,-106.73162
35.61607,-105.85252
32.84685,-105.99044
35.25039,-106.70906
32.84685,-105.99044
35.03277,-106.67514
32.84685,-105.99044
31.87634,-106.3322
35.06184,-106.58442
35.1465,-106.59135
31.79495,-106.21237
32.84685,-105.99044
35.08096,-106.65254
35.10812,-106.62517
35.08249,-106.61458
35.09583,-106.5615
35.09859,-107.88213
35.06185,-106.58444
35.1064,-106.66914
31.87638,-106.332
35,-105
32.18002,-107.68358
35.12508,-106.69951
35.04266,-106.72959
35.0815,-106.639
35.16438,-106.64507
31.87638,-106.33189
35.20254,-106.73175
35.06752,-106.73679
35.0815,-106.639
35.17735,-106.69168
35.08449,-106.65114
35.21214,-106.68894
35.05509,-106.7504
35.06185,-106.58445
35.13282,-106.53163
35.00815,-106.64774
34.81399,-106.75589
35.20254,-106.73176
32.18002,-107.68358
35.04207,-106.70536
32.21612,-107.75332
35.06756,-106.73665
35.10159,-106.56421
35.00815,-106.64774
35.06185,-106.58446
35.08805,-106.65382
35.00815,-106.64774
35.00815,-106.64774
35.20161,-106.72553
35.08818,-106.65404
35.80505,-108.77399
35.14142,-106.5024
35.0883,-106.50263
32.25205,-107.80805
35.08793,-106.65386
35.20193,-106.74462
35.08845,-106.62597
35.09744,-106.56311
35.15653,-106.56543
35.19953,-106.73246
35.15657,-106.56546
35.11591,-106.51303
32.22542,-107.75696
35.20257,-106.73178
32.21499,-106.70663
35.18509,-106.56053
35.06184,-106.58446
32.21496,-106.70662
34.82394,-106.75541
35.10759,-106.57496
35.2625,-106.73309
35.06578,-106.7392
35.21639,-106.69083
35.06579,-106.73943
35.06185,-106.58446
35.06204,-106.6227
35.06579,-106.73943
35.24404,-106.70588
36.72577,-108.3982
35.06579,-106.73943
35.09663,-106.5623
35.06579,-106.73952
35.5297,-108.60405
35.08271,-106.62067
35.20247,-106.73183
35.52713,-108.59267
35.52713,-108.59267
35.19942,-106.73228
35.12572,-106.71745
35.13032,-106.57603
35.04872,-106.71555
35.12556,-106.7175
35.20839,-106.70628
35.08803,-106.6538
35.11991,-106.50864
35.11595,-106.5133
35.21381,-106.66603
35.13503,-106.70898
35.04261,-106.72967
35.08757,-106.50561
35.06582,-106.73921
35.06592,-106.73934
35.08793,-106.65408
35.2027,-106.73171
32.18002,-107.68358
36.33732,-106.17848
35.06572,-106.73929
35.10116,-106.56391
35.09136,-106.49884
35.06581,-106.73947
35.14072,-106.58373
35.6234,-106.05278
35.14321,-106.51781
35.10124,-106.54019
35.09136,-106.49884
35.17439,-106.56877
35.11339,-106.63517
35.13508,-106.70889
35.13499,-106.70898
35.04878,-106.71562
35.10089,-106.56356
35.0485,-106.63528
35.04549,-106.74187
35.05119,-106.63564
35.11392,-106.63549
35.14599,-106.69035
32.18002,-107.68358
34.81249,-106.74829
35.08861,-106.62486
35.20994,-106.69965
35.07791,-106.69383
35.05867,-106.57625
35.21533,-106.66579
35.11385,-106.63535
35.07792,-106.69374
35.12975,-106.5477
35.08831,-106.65397
35.24329,-106.6984
35.21534,-106.66588
35.13585,-106.55884
32.18002,-107.68358
35.08819,-106.65414
35.15387,-106.68681
35.09242,-106.65864
35.13204,-106.6489
35.1465,-106.59135
35.13282,-106.53162
35.20399,-106.68393
35.16474,-106.73121
35.12921,-106.61896
35.13284,-106.53166
35.15387,-106.68682
35.66106,-105.98207
35.08808,-106.65359
35.08449,-106.65114
35.57167,-105.69104
35.2025,-106.73175
35.08513,-106.50671
35.13195,-106.61739
35.21021,-106.66845
35.68167,-105.975
35.21543,-106.66575
34.82178,-106.75366
35.0815,-106.639
35.13492,-106.70891
35.1136,-106.63514
35.13195,-106.61739
35.07794,-106.69392
35.08472,-106.50813
35.10948,-106.63498
35.11719,-106.58399
35.68166,-105.97497
35.10906,-106.62865
35.04309,-106.71809
35.13284,-106.53164
35.13195,-106.61739
35.58614,-106.01093
35.04309,-106.71809
35.14336,-106.69783
35.10907,-106.6287
35.13195,-106.61739
35.52347,-108.77079
35.15374,-106.56822
35.31879,-106.72717
35.24416,-106.70565
35.0858,-106.5145
35.77591,-107.25507
35.14113,-106.5831
35.0798,-106.74669
35.13285,-106.53161
35.15379,-106.56817
35.20527,-106.65303
35.15379,-106.69083
32.18002,-107.68358
35.14755,-106.5261
35.28606,-106.66103
35.08596,-106.58876
35.28606,-106.66103
35.12384,-106.70172
35.22963,-106.66172
34.82387,-106.75539
35.06986,-106.56567
35.29454,-106.55162
32.18002,-107.68358
34.82373,-106.75532
35.68163,-105.97498
35.19237,-106.66642
35.20685,-106.72766
35.08316,-106.6308
35.15524,-106.68103
34.82395,-106.75543
35.20009,-106.73631
35.10697,-106.54361
35.09929,-106.56544
35.15381,-106.69083
35.15431,-106.68179
35.0746,-106.51123
35.13286,-106.53172
35.1256,-106.71751
35.07481,-106.67751
35.10158,-106.56413
35.11719,-106.58399
35.06357,-106.64392
35.15371,-106.69078
35.04722,-106.72453
35.78402,-107.2312
35.64146,-106.01183
35.088,-106.50596
35.20039,-106.65369
35.10298,-106.49224
35.088,-106.50596
34.82393,-106.75539
35.08432,-106.62617
35.20681,-106.72771
35.24394,-106.70579
35.06391,-106.64409
35.07475,-106.67766
35.08619,-106.58869
34.82395,-106.75547
35.15384,-106.69086
35.05971,-106.58113
35.68166,-105.97498
35.13186,-106.64937
35.07787,-106.69383
35.19236,-106.66647
35.15386,-106.69093
34.82399,-106.75548
35.14302,-106.49278
35.08247,-106.61446
35.07976,-106.74667
34.8218,-106.75367
35.12146,-106.58479
35.20679,-106.72769
35.1042,-106.70646
35.63116,-106.06484
35.15374,-106.6909
35.14293,-106.49277
35.19249,-106.66643
35.25041,-106.70906
35.15384,-106.69083
35.11087,-106.52203
35.08449,-106.65114
35.69243,-105.93605
35.69243,-105.93605
35.09952,-106.56741
35.15376,-106.69081
35.2606,-106.67844
35.07789,-106.69391
35.35249,-106.70314
35.07474,-106.6776
35.20155,-106.72377
35.07792,-106.6939
35.20638,-106.72811
35.17586,-106.50681
35.06243,-106.74768
35.04698,-106.72429
35.10908,-106.60174
35.07883,-106.50594
32.05147,-106.44139
35.24401,-106.70581
35.08933,-106.55712
35.21643,-106.69081
35.06221,-106.74791
35.21643,-106.69081
35.08036,-106.61423
35.13183,-106.64933
35.17233,-106.53372
35.15595,-106.63281
35.68698,-105.9378
35.21635,-106.69082
35.0019,-106.70364
35.05787,-106.74608
35.13766,-106.6443
35.18348,-106.49484
35.13483,-106.64634
31.85172,-106.33966
35.20408,-106.64891
35.1258,-106.65798
35.18526,-106.55911
35.49254,-108.84577
35.07376,-106.70671
35.12581,-106.65834
35.12576,-106.65836
35.15874,-106.60754
35.13765,-106.64429
35.07027,-106.65727
35.58162,-105.92623
31.85172,-106.33964
35.13232,-106.55808
35.49589,-108.86842
35.2386,-106.69665
35.49588,-108.86841
35.18348,-106.49484
35.05118,-106.63558
35.10511,-106.56754
35.07588,-106.69314
35.04752,-106.67766
35.50864,-105.7255
35.12586,-106.65814
35.21107,-106.66791
35.06338,-106.60502
35.2481,-106.65458
35.63119,-106.06468
35.24929,-106.65346
35.06346,-106.60497
35.07787,-106.69379
33.89456,-105.82001
35.04702,-106.72421
32.18002,-107.68358
35.06751,-106.63721
35.20156,-106.72374
35.49589,-108.86843
32.18002,-107.68358
35.11722,-106.55078
35.25523,-106.69662
35.1523,-106.61081
35.07791,-106.69385
31.85169,-106.33964
35.15221,-106.61083
34.8218,-106.75367
35.0779,-106.69388
34.82163,-106.75387
35.07785,-106.69387
35.38908,-109.01698
36.72566,-108.39815
31.85169,-106.33963
32.18002,-107.68358
35.12146,-106.5848
35.16376,-106.59083
31.85174,-106.33963
35.03795,-107.40636
35.18512,-106.55927
32.18002,-107.68358
35.14403,-106.58399
31.8517,-106.33971
35.16376,-106.59084
34.59651,-106.77642
35.051,-106.6358
34.98048,-106.65451
35.11718,-106.67581
35.05116,-106.63561
35.22935,-106.66167
36.72567,-108.39816
35.16376,-106.59085
35.08363,-106.50619
35.04309,-106.71808
31.85167,-106.33972
35.05109,-106.63586
35.08698,-106.51036
35.05098,-106.63588
35.096,-106.56174
35.04313,-106.71818
35.17358,-106.54294
35.09566,-106.63917
31.83652,-106.37625
32.24606,-107.95938
35.16376,-106.59083
34.76903,-106.05651
35.16376,-106.59083
35.11886,-106.67214
35.16376,-106.59083
35.31894,-106.72746
35.09322,-106.74057
32.24244,-107.98668
35.17026,-106.52054
35.09324,-106.7406
35.13639,-106.52565
35.02675,-106.74566
35.13696,-106.58926
35.08449,-106.65114
35.16376,-106.59081
35.16377,-106.59083
35.17013,-106.52021
35.06438,-106.58114
35.20671,-106.72797
35.16377,-106.59085
35.08819,-106.69792
35.19181,-106.74385
32.18002,-107.68358
35.04879,-106.71562
35.16374,-106.59083
35.25757,-106.69245
35.16375,-106.59084
36.92893,-107.88796
35.17012,-106.52019
35.0979,-106.65761
35.24178,-106.59276
35.0488,-106.71559
35.14494,-106.56019
35.31182,-106.55401
35.04312,-106.71816
35.12684,-106.58932
35.31189,-106.55395
35.08496,-106.50934
35.18534,-106.55913
35.14414,-106.71771
35.13191,-106.64878
35.22851,-106.69626
35.65663,-105.97599
35.67209,-105.98597
34.82178,-106.75367
35.04318,-106.71869
36.70264,-108.05708
35.04317,-106.71862
35.53075,-108.66669
35.17012,-106.5202
35.14605,-106.57908
35.20667,-106.72803
32.28358,-106.82292
35.04874,-106.71554
34.59731,-106.77708
35.06107,-106.59206
35.1338,-106.612
35.0868,-106.5288
35.13364,-106.61219
35.13633,-106.58227
35.31497,-106.72888
35.22682,-106.6668
35.12181,-106.70453
31.85163,-106.33962
35.12181,-106.70453
35.07473,-106.67762
35.17051,-106.72146
35.19935,-106.7322
35.1538,-106.69095
35.18754,-106.56232
35.1538,-106.69088
35.24195,-106.65414
35.10511,-106.73401
35.12269,-106.70508
35.15377,-106.69093
35.06213,-106.74787
35.15378,-106.69098
35.18534,-106.55905
35.24194,-106.65402
35.63269,-106.04875
35.22968,-106.66184
35.08511,-106.616
35.11308,-106.50925
35.17724,-106.69154
35.22968,-106.66184
35.08418,-106.64942
35.19869,-106.67321
35.19935,-106.73231
35.28602,-106.6609
35.04878,-106.71566
35.04878,-106.71566
35.05201,-106.59352
34.95516,-106.69114
35.05201,-106.5935
35.10955,-106.55253
35.14599,-106.69035
34.51145,-106.77988
35.04217,-106.70534
35.04873,-106.71555
35.08671,-106.51702
35.28618,-106.66093
35.1051,-106.73401
36.34089,-106.18722
35.10511,-106.73401
35.04312,-106.71818
34.51113,-106.77871
35.04312,-106.71817
35.28604,-106.66098
35.06575,-106.63735
35.08413,-106.64981
35.28618,-106.66101
35.28604,-106.66099
35.1324,-106.49683
35.21518,-106.70543
35.06746,-106.73661
34.50348,-106.75164
35.11689,-106.67349
35.1167,-106.67343
35.06774,-106.73666
35.21527,-106.70536
35.07593,-106.69315
35.08252,-106.61433
34.50264,-106.74868
35.05066,-106.6366
35.14599,-106.69035
35.58613,-106.01091
32.18002,-107.68358
35.06356,-106.72569
35.21211,-106.68895
35.54167,-108.60813
35.21211,-106.68895
35.11421,-106.53697
35.12567,-106.65831
36.33732,-106.17848
35.11307,-106.50905
35.10046,-106.61496
35.12582,-106.65806
35.11377,-106.53732
35.11071,-106.61173
35.06254,-106.74716
35.17763,-106.69249
35.11042,-106.61135
35.06254,-106.74717
35.1361,-106.53362
35.28616,-106.66105
35.103,-106.49233
32.22915,-107.78287
35.24234,-106.69279
32.18002,-107.68358
35.08792,-106.50577
35.68275,-105.94642
35.12169,-106.52913
35.17723,-106.69158
32.18002,-107.68358
35.14953,-106.53335
35.12167,-106.52912
35.15374,-106.56806
35.06482,-106.72719
35.23664,-106.65128
35.04861,-106.63533
35.06485,-106.72723
32.22963,-107.78209
35.15655,-106.56548
35.06483,-106.72723
32.22922,-107.78305
36.72567,-108.39819
35.21634,-106.71631
35.31008,-106.71955
35.06338,-106.50245
35.12164,-106.52914
35.24253,-106.69263
35.19943,-106.73207
35.21212,-106.68894
35.29436,-106.7075
35.14284,-106.49265
35.08723,-106.65338
35.30803,-106.7196
35.24225,-106.69269
35.20743,-106.67748
35.11028,-106.61147
35.17734,-106.69128
35.18419,-106.68872
35.0668,-106.6386
35.15153,-106.70403
35.06389,-106.64392
35.19947,-106.73236
32.18002,-107.68358
35.20159,-106.72377
35.10589,-106.68466
35.36711,-106.64029
35.19938,-106.73221
32.2024,-106.7126
35.04832,-106.63628
35.34531,-106.60814
35.34533,-106.60813
32.18002,-107.68358
35.21212,-106.68895
35.26258,-106.73309
32.18002,-107.68358
35.1051,-106.73383
35.19938,-106.73248
35.08417,-106.64936
35.08685,-106.52012
32.2024,-106.7126
35.0507,-106.63651
32.18002,-107.68358
35.15147,-106.7036
32.20237,-106.71258
35.36736,-106.64014
31.13306,-105.19308
35.08514,-106.61606
35.11377,-106.53732
35.6313,-106.06465
35.06383,-106.6439
35.36735,-106.64018
35.02762,-106.73566
35.24402,-106.70584
34.81276,-106.77591
35.14279,-106.49275
35.05893,-106.52541
35.19945,-106.73231
35.06588,-106.6373
36.69363,-108.06369
35.10046,-106.61496
35.24231,-106.69279
31.68077,-106.10056
32.25204,-107.80804
32.2024,-106.7126
35.06902,-106.72767
35.13376,-106.59821
34.81277,-106.77602
31.6808,-106.1005
35.11031,-106.61144
35.10652,-106.54856
35.04862,-106.63529
35.10863,-106.36314
35.19945,-106.7322
35.06878,-106.72757
35.19937,-106.73211
35.08449,-106.65114
35.18074,-106.55728
35.36031,-108.74022
31.70876,-106.25998
35.06887,-106.72757
35.05061,-106.63651
31.56185,-106.06742
35.04924,-106.63624
35.06879,-106.72757
35.04923,-106.63628
35.14982,-106.53333
35.06878,-106.72757
35.08823,-106.50264
35.10863,-106.36314
35.03807,-107.40626
35.18452,-106.68881
35.25756,-106.6924
34.81269,-106.77606
35.10014,-106.57213
32.25203,-107.80797
35.10863,-106.36314
35.06876,-106.72756
35.19941,-106.73212
35.05074,-106.50429
35.03885,-106.61391
35.25787,-106.6925
35.14142,-106.70138
35.06572,-106.63717
34.64399,-106.75228
35.08321,-106.70521
35.06876,-106.72755
35.10863,-106.36314
35.1333,-106.52697
34.99871,-106.66739
34.76898,-106.05652
35.15378,-106.69082
35.09595,-106.56179
35.1153,-106.67743
35.08937,-106.53508
36.73927,-108.26204
34.59692,-106.77644
35.08937,-106.53508
35.10863,-106.36314
35.13351,-106.59818
35.10863,-106.36314
35.25218,-106.69582
35.31888,-106.72776
35.25218,-106.69582
35.21638,-106.69079
35.24663,-106.69688
35.20001,-106.66609
35.14593,-106.57901
35.06389,-106.64408
35.15145,-106.70375
35.07376,-106.59649
34.9992,-106.66731
35.1461,-106.57914
35.23586,-106.6959
34.59692,-106.77644
35.20001,-106.66609
35.10863,-106.36314
35.14493,-106.56019
35.11953,-106.52154
35.3673,-106.64023
35.08322,-106.70547
35.14498,-106.56025
35.31018,-106.71951
35.10863,-106.36314
35.11309,-106.50936
36.69363,-108.06369
35.10863,-106.36314
35.12005,-106.50675
35.04219,-106.70527
35.15388,-106.56809
35.15388,-106.56809
35.06126,-106.5917
35.10863,-106.36314
35.02956,-106.75287
35.15379,-106.56814
35.3103,-106.71978
35.31507,-106.72148
32.0832,-106.18044
35.15379,-106.56814
35.20152,-106.72568
35.15376,-106.56809
35.11377,-106.53732
35.16936,-106.72282
35.10691,-106.57095
32.18002,-107.68358
35.44318,-108.74814
35.15375,-106.56813
35.0726,-106.61331
35.08057,-106.6126
35.12864,-106.53169
35.08844,-106.64938
35.47927,-108.77454
35.09595,-106.56179
35.13033,-106.57601
32.18002,-107.68358
35.15312,-106.53567
35.0801,-106.73292
35.12865,-106.53168
35.21676,-106.70616
35.08514,-106.61609
35.1303,-106.57599
35.13325,-106.52701
36.15889,-105.97417
35.20135,-106.72586
35.2688,-106.68597
35.08778,-106.65334
35.20135,-106.72569
35.27615,-106.65303
35.04735,-106.50978
35.14147,-106.70147
35.06593,-106.63731
35.08518,-106.61615
35.13354,-106.59817
35.20134,-106.72564
35.41588,-106.40116
35.27635,-106.65302
35.14183,-106.54486
35.20743,-106.67745
35.14185,-106.54467
35.61607,-105.85252
35.08516,-106.61611
35.04506,-106.7416
35.08511,-106.61604
35.06268,-106.58758
35.13326,-106.52708
35.20145,-106.72622
35.31021,-106.71956
35.06276,-106.5876
32.18002,-107.68357
35.08512,-106.6161
35.11044,-106.61127
35.1414,-106.70133
35.26252,-106.73308
35.14182,-106.54473
35.08514,-106.61613
35.09514,-106.74714
35.1332,-106.52709
35.02724,-106.70935
35.0659,-106.6373
35.14198,-106.54452
35.26255,-106.73297
35.08518,-106.61611
35.08513,-106.61608
35.26258,-106.73296
32.18002,-107.68358
35.24259,-106.65309
35.08515,-106.61611
35.08797,-106.5963
35.09517,-106.74705
35.29422,-106.70739
35.0843,-106.61586
35.1104,-106.6113
35.08816,-106.5963
35.63134,-106.06491
35.1104,-106.6113
35.24267,-106.65309
35.09527,-106.74719
35.04201,-106.70527
35.13319,-106.52718
35.06272,-106.5876
35.14137,-106.70148
35.09929,-106.56544
35.11041,-106.61127
35.08522,-106.61608
35.08424,-106.61574
35.2713,-106.62819
35.04723,-106.50988
35.31831,-106.70965
35.27108,-106.62831
35.09524,-106.74705
35.08519,-106.6161
34.769,-106.05653
35.20144,-106.72576
35.10705,-106.57789
35.20142,-106.72591
35.20137,-106.72591
31.85044,-106.34648
35.28248,-106.69785
35.08507,-106.61587
35.28248,-106.69785
35.29803,-106.60344
35.15381,-106.56819
35.5921,-105.99176
35.17728,-106.69153
35.10708,-106.57785
35.1229,-106.70105
35.15381,-106.56819
35.14715,-106.57287
35.15377,-106.56818
35.10517,-106.73384
35.10509,-106.73389
35.15374,-106.56813
35.29803,-106.60335
35.59204,-105.99182
35.10702,-106.57791
35.10702,-106.57792
35.04728,-106.72454
35.09803,-106.74961
35.10705,-106.57788
35.08826,-106.50269
35.04713,-106.72421
35.29801,-106.60344
35.63137,-106.06468
35.28631,-106.66082
35.04733,-106.7246
35.09802,-106.74959
35.09799,-106.74962
35.037,-106.72996
35.34031,-106.50164
35.09755,-106.54863
35.04716,-106.72452
35.05751,-106.73624
35.08398,-106.64954
35.65995,-105.95239
35.22514,-106.62649
35.05751,-106.73624
35.10955,-106.55253
35.08514,-106.61607
35.17025,-106.52035
35.23229,-106.6929
35.11375,-106.50304
35.09323,-106.74064
35.0451,-106.74158
35.68653,-105.93789
35.13325,-106.527
35.08341,-106.65665
35.17025,-106.52036
35.09524,-106.7474
35.30403,-106.56651
35.17025,-106.52037
35.09522,-106.74736
35.09074,-106.70998
35.08449,-106.65114
35.09802,-106.74967
35.09802,-106.74967
35.13328,-106.52705
35.09802,-106.74967
32.48942,-106.91453
35.08792,-106.50577
35.1051,-106.73402
35.05099,-106.63604
35.12918,-106.56854
35.098,-106.74964
35.25514,-106.68194
35.1703,-106.5204
35.12572,-106.71754
35.09757,-106.54858
35.06394,-106.6439
35.78408,-107.23112
35.09526,-106.74729
35.15382,-106.5682
35.15382,-106.56809
35.78408,-107.23108
35.13907,-106.51778
35.78408,-107.23108
35.13331,-106.52706
35.09528,-106.7473
35.15383,-106.56808
35.12612,-106.566
35.1333,-106.52706
35.04723,-106.72438
35.31029,-106.71953
35.09527,-106.74713
35.10633,-106.61434
35.05067,-106.63589
35.02904,-106.67957
35.784,-107.23112
35.10836,-106.66462
34.95102,-106.14232
35.05106,-106.63601
35.10543,-106.54952
35.784,-107.23112
35.21059,-106.44951
35.10008,-106.66928
35.10015,-106.57209
35.10618,-106.53652
35.63125,-106.06464
35.1323,-106.50264
35.05112,-106.63595
32.22546,-107.75694
35.21587,-106.70374
32.22546,-107.75694
35.07433,-106.51146
35.09515,-106.74695
35.04862,-106.63528
35.07475,-106.67757
35.61347,-108.48206
36.4756,-105.60583
35.21359,-106.6662
35.10622,-106.5365
35.08871,-106.6249
35.61363,-108.48217
33.81279,-105.82599
35.61363,-108.48219
36.4756,-105.60583
35.61363,-108.48219
35.09522,-106.74717
35.04792,-106.63668
35.65662,-105.97565
35.07088,-106.58433
35.09802,-106.74962
35.13212,-106.50253
35.09519,-106.74699
35.17737,-106.6918
35.13215,-106.5026
35.08449,-106.65114
35.10014,-106.66946
33.07707,-106.05071
35.13214,-106.50259
35.12146,-106.5848
35.09517,-106.74717
35.63131,-106.06468
35.10014,-106.66946
35.0887,-106.62491
36.25198,-107.667
35.13118,-106.55263
35.58615,-106.0109
35.24264,-106.69265
33.81279,-105.82599
33.81279,-105.82599
35.25356,-106.68058
33.81279,-105.82599
35.12144,-106.58486
35.08515,-106.61614
36.4756,-105.60583
35.63141,-106.06492
35.04786,-106.64748
35.63141,-106.0646
35.08535,-106.61934
35.08515,-106.61614
34.76902,-106.0565
33.81279,-105.82599
35.15388,-106.69086
35.06986,-106.56568
35.10539,-106.67453
36.4756,-105.60583
35.10626,-106.53645
34.48003,-105.37959
32.22528,-107.75716
35.63137,-106.06471
35.08497,-106.61459
35.2441,-106.70585
35.06984,-106.56565
35.10622,-106.5365
36.4756,-105.60583
35.25372,-106.68063
35.11968,-106.59353
35.05445,-106.78484
35.25383,-106.6804
35.99333,-106.03923
35.06747,-106.73652
35.06422,-106.72926
35.12447,-106.64259
35.12437,-106.6426
35.12446,-106.64259
35.12443,-106.64275
32.96386,-105.91978
35.06173,-106.73241
35.21377,-106.66592
35.12569,-106.71749
35.63138,-106.06495
35.06743,-106.73646
32.96386,-105.91978
35.08508,-106.6166
35.15372,-106.71608
35.06743,-106.73661
35.63135,-106.06482
35.78398,-107.23101
35.12555,-106.71785
35.96212,-107.28413
35.63131,-106.0647
35.08498,-106.61546
35.21368,-106.66604
35.05256,-106.62396
35.08517,-106.61605
35.11966,-106.59338
33.81279,-105.82599
35.05446,-106.78483
35.96206,-107.28403
35.08452,-106.61562
35.10046,-106.61496
32.96386,-105.91978
35.1409,-106.58365
35.09322,-106.74054
35.57167,-105.69104
35.09519,-106.74744
35.08449,-106.65114
35.63985,-106.03985
35.04245,-106.73657
35.21364,-106.6662
35.09585,-106.56233
35.13774,-106.64182
35.09277,-106.73221
35.08417,-106.64934
35.10855,-106.66489
35.19107,-106.73082
35.19112,-106.73086
35.1703,-106.5204
35.09583,-106.56269
35.06737,-106.64155
35.1256,-106.71749
35.19118,-106.7307
35.0839,-106.60347
35.30313,-106.54257
35.12506,-106.64247
35.12506,-106.64247
35.12555,-106.71777
35.53002,-108.66583
35.16957,-106.53417
35.12382,-106.64362
35.13739,-106.64178
35.64151,-106.01162
35.65699,-105.97629
35.17904,-106.57597
35.17912,-106.57596
35.13325,-106.52708
35.15293,-106.68927
35.08632,-106.58662
35.17913,-106.57601
35.08634,-106.58661
35.05104,-106.63601
35.08635,-106.58661
35.08634,-106.58661
35.12559,-106.71758
35.14715,-106.57289
35.06394,-106.64389
34.76903,-106.05648
35.07145,-106.73068
35.0833,-106.70489
35.13776,-106.64212
35.0841,-106.6157
34.76901,-106.05652
32.37625,-108.72439
35.10546,-106.6747
35.68698,-105.9378
35.06396,-106.64404
34.76904,-106.05651
34.76902,-106.05662
35.58616,-106.01093
33.81267,-105.82609
35.07599,-108.87484
35.63252,-106.03299
33.81267,-105.82609
34.82398,-106.75544
35.07299,-106.6154
34.76901,-106.05649
35.1322,-106.50261
33.81267,-105.82609
35.10913,-106.66519
34.76902,-106.05651
35.13227,-106.50255
35.1567,-106.59454
35.10898,-106.66506
35.11374,-106.50313
35.06336,-106.50241
35.04218,-106.70526
35.13216,-106.50262
33.81267,-105.82609
35.15363,-106.71632
35.06328,-106.50248
35.04222,-106.7053
35.12151,-106.58483
35.11998,-106.57506
33.81267,-105.82609
35.04862,-106.63528
35.0422,-106.70513
35.04862,-106.63528
32.32227,-107.78502
32.32225,-107.78499
35.12525,-107.88911
35.14687,-106.52488
35.04211,-106.70517
35.64358,-106.01895
35.18734,-106.67581
35.04205,-106.70526
35.04883,-106.6351
35.04221,-106.70526
35.08449,-106.65114
33.81267,-105.8261
35.78402,-107.2311
35.04215,-106.70544
35.04832,-106.63632
33.81267,-105.8261
35.08176,-106.61784
35.13709,-107.84079
35.04861,-106.63532
35.27346,-106.64823
35.05872,-106.78311
35.08319,-106.70485
35.0476,-106.72518
35.04862,-106.63528
35.04862,-106.63528
35.04862,-106.63528
35.05847,-106.57397
35.65655,-105.9761
35.04889,-106.63549
35.68698,-105.9378
35.04198,-106.70537
35.65668,-105.97623
35.04895,-106.63543
36.79405,-108.43495
35.65664,-105.97604
35.65656,-105.97601
35.03304,-107.46994
35.3708,-108.07516
35.03536,-107.4782
35.04862,-106.63528
35.10889,-106.66484
35.06331,-106.50252
35.52778,-108.76985
35.05867,-106.57625
35.05867,-106.57625
35.78409,-107.23103
35.17496,-106.69007
35.78409,-107.23103
35.13767,-106.64219
35.52789,-108.76972
35.04838,-106.63627
35.05118,-106.63558
35.13343,-106.5706
35.52785,-108.76961
35.5279,-108.76969
35.52789,-108.76962
34.59736,-106.77712
35.20923,-106.69359
35.08449,-106.65114
35.52789,-108.76964
35.19114,-106.73086
35.52793,-108.76977
35.06733,-106.63616
35.52785,-108.76957
35.08449,-106.65114
31.99518,-106.33414
35.5279,-108.76969
35.04863,-106.63528
35.64358,-106.01895
35.58593,-106.01088
35.58593,-106.01088
35.04857,-106.63574
35.08449,-106.65114
35.10765,-106.51858
35.0492,-106.63605
35.05867,-106.57625
35.08628,-106.58646
35.08634,-106.58662
34.59713,-106.77649
35.08613,-106.61802
35.08613,-106.61807
35.65797,-105.97634
35.08449,-106.65114
35.08631,-106.58652
35.08632,-106.58665
34.59704,-106.77661
35.08633,-106.58658
35.08632,-106.58654
35.08632,-106.58661
35.06217,-106.58006
35.08628,-106.58649
35.05581,-106.78306
35.05847,-106.57397
35.13779,-106.70242
35.05581,-106.78306
35.05862,-106.57513
35.05581,-106.78306
35.12695,-106.58934
35.08632,-106.58662
35.11677,-106.69846
35.10883,-106.56088
35.11581,-106.69871
35.68698,-105.9378
35.10049,-106.66906
35.68698,-105.9378
35.08629,-106.58658
35.08629,-106.58658
35.05581,-106.78306
35.09743,-106.56314
35.08449,-106.65114
35.21026,-106.66864
35.10072,-106.56876
35.10073,-106.56874
35.10079,-106.56875
35.10084,-106.56862
35.10072,-106.56875
35.61607,-105.85252
35.2101,-106.66846
35.08449,-106.65114
35.12905,-106.56555
35.10046,-106.61496
35.10007,-106.68491
